id,label
AA.nii.gz,1
AA.nii.gz_0,0
AA.nii.gz_1,0
AA.nii.gz_2,1
AA.nii.gz_3,1
AA.nii.gz_4,1
AA.nii.gz_5,1
AA.nii.gz_6,1
AA.nii.gz_7,1
AA.nii.gz_8,0
AA.nii.gz_9,0
AA.nii.gz_10,0
AA.nii.gz_11,0
AA.nii.gz_12,0
AA.nii.gz_13,0
AA.nii.gz_14,0
AA.nii.gz_15,0
AA.nii.gz_16,1
AA.nii.gz_17,1
AA.nii.gz_18,1
AA.nii.gz_19,1
AA.nii.gz_20,1
AA.nii.gz_21,1
AA.nii.gz_22,1
AA.nii.gz_23,1
AA.nii.gz_24,1
AA.nii.gz_25,1
AA.nii.gz_26,1
AA.nii.gz_27,0
AA.nii.gz_28,0
AA.nii.gz_29,0
AA.nii.gz_30,0
AA.nii.gz_31,0
AA.nii.gz_32,0
AA.nii.gz_33,0
AA.nii.gz_34,0
AA.nii.gz_35,1
AA.nii.gz_36,1
AA.nii.gz_37,1
AA.nii.gz_38,1
AA.nii.gz_39,1
AA.nii.gz_40,1
AA.nii.gz_41,1
AA.nii.gz_42,1
AA.nii.gz_43,1
AA.nii.gz_44,1
AA.nii.gz_45,1
AA.nii.gz_46,1
AA.nii.gz_47,1
AA.nii.gz_48,1
AA.nii.gz_49,1
AA.nii.gz_50,1
AA.nii.gz_51,1
AA.nii.gz_52,1
AA.nii.gz_53,1
AA.nii.gz_54,1
AA.nii.gz_55,0
AA.nii.gz_56,0
AA.nii.gz_57,0
AA.nii.gz_58,0
AA.nii.gz_59,0
AA.nii.gz_60,0
AA.nii.gz_61,0
AA.nii.gz_62,0
AA.nii.gz_63,0
AA.nii.gz_64,0
AA.nii.gz_65,0
AA.nii.gz_66,0
AA.nii.gz_67,0
AA.nii.gz_68,0
AA.nii.gz_69,0
AA.nii.gz_70,0
AA.nii.gz_71,0
AA.nii.gz_72,0
AA.nii.gz_73,0
AA.nii.gz_74,0
AA.nii.gz_75,0
AA.nii.gz_76,0
AA.nii.gz_77,0
AA.nii.gz_78,0
AA.nii.gz_79,0
AA.nii.gz_80,0
AA.nii.gz_81,0
AA.nii.gz_82,0
AA.nii.gz_83,0
AA.nii.gz_84,0
AA.nii.gz_85,0
AA.nii.gz_86,0
AA.nii.gz_87,0
AA.nii.gz_88,0
AA.nii.gz_89,0
AB.nii.gz,1
AB.nii.gz_0,0
AB.nii.gz_1,0
AB.nii.gz_2,0
AB.nii.gz_3,0
AB.nii.gz_4,0
AB.nii.gz_5,1
AB.nii.gz_6,1
AB.nii.gz_7,1
AB.nii.gz_8,1
AB.nii.gz_9,1
AB.nii.gz_10,1
AB.nii.gz_11,1
AB.nii.gz_12,1
AB.nii.gz_13,1
AB.nii.gz_14,0
AB.nii.gz_15,0
AB.nii.gz_16,0
AB.nii.gz_17,0
AB.nii.gz_18,0
AB.nii.gz_19,1
AB.nii.gz_20,0
AB.nii.gz_21,0
AB.nii.gz_22,0
AB.nii.gz_23,0
AB.nii.gz_24,1
AB.nii.gz_25,0
AB.nii.gz_26,0
AB.nii.gz_27,0
AB.nii.gz_28,0
AB.nii.gz_29,0
AB.nii.gz_30,0
AB.nii.gz_31,0
AB.nii.gz_32,0
AB.nii.gz_33,0
AB.nii.gz_34,0
AB.nii.gz_35,0
AB.nii.gz_36,0
AB.nii.gz_37,0
AB.nii.gz_38,0
AB.nii.gz_39,0
AB.nii.gz_40,0
AB.nii.gz_41,1
AB.nii.gz_42,1
AB.nii.gz_43,1
AB.nii.gz_44,1
AB.nii.gz_45,1
AB.nii.gz_46,1
AB.nii.gz_47,1
AB.nii.gz_48,1
AB.nii.gz_49,1
AB.nii.gz_50,1
AB.nii.gz_51,1
AB.nii.gz_52,1
AB.nii.gz_53,1
AB.nii.gz_54,1
AB.nii.gz_55,1
AB.nii.gz_56,0
AB.nii.gz_57,0
AB.nii.gz_58,0
AB.nii.gz_59,0
AB.nii.gz_60,0
AB.nii.gz_61,0
AB.nii.gz_62,0
AB.nii.gz_63,0
AB.nii.gz_64,0
AB.nii.gz_65,0
AB.nii.gz_66,0
AB.nii.gz_67,0
AB.nii.gz_68,0
AB.nii.gz_69,1
AB.nii.gz_70,1
AB.nii.gz_71,0
AB.nii.gz_72,1
AB.nii.gz_73,1
AB.nii.gz_74,1
AB.nii.gz_75,1
AB.nii.gz_76,1
AB.nii.gz_77,0
AB.nii.gz_78,0
AB.nii.gz_79,0
AB.nii.gz_80,0
AB.nii.gz_81,0
AB.nii.gz_82,0
AB.nii.gz_83,0
AB.nii.gz_84,0
AB.nii.gz_85,0
AB.nii.gz_86,0
AB.nii.gz_87,0
AB.nii.gz_88,0
AB.nii.gz_89,0
AB.nii.gz_90,0
AB.nii.gz_91,0
AB.nii.gz_92,0
AB.nii.gz_93,0
AB.nii.gz_94,0
AC.nii.gz,1
AC.nii.gz_0,0
AC.nii.gz_1,0
AC.nii.gz_2,0
AC.nii.gz_3,0
AC.nii.gz_4,0
AC.nii.gz_5,0
AC.nii.gz_6,0
AC.nii.gz_7,0
AC.nii.gz_8,0
AC.nii.gz_9,0
AC.nii.gz_10,1
AC.nii.gz_11,1
AC.nii.gz_12,0
AC.nii.gz_13,1
AC.nii.gz_14,1
AC.nii.gz_15,1
AC.nii.gz_16,1
AC.nii.gz_17,1
AC.nii.gz_18,1
AC.nii.gz_19,1
AC.nii.gz_20,1
AC.nii.gz_21,1
AC.nii.gz_22,0
AC.nii.gz_23,0
AC.nii.gz_24,0
AC.nii.gz_25,1
AC.nii.gz_26,1
AC.nii.gz_27,1
AC.nii.gz_28,1
AC.nii.gz_29,1
AC.nii.gz_30,1
AC.nii.gz_31,1
AC.nii.gz_32,1
AC.nii.gz_33,1
AC.nii.gz_34,1
AC.nii.gz_35,1
AC.nii.gz_36,1
AC.nii.gz_37,1
AC.nii.gz_38,1
AC.nii.gz_39,1
AC.nii.gz_40,1
AC.nii.gz_41,1
AC.nii.gz_42,1
AC.nii.gz_43,1
AC.nii.gz_44,1
AC.nii.gz_45,1
AC.nii.gz_46,1
AC.nii.gz_47,1
AC.nii.gz_48,0
AC.nii.gz_49,0
AC.nii.gz_50,0
AC.nii.gz_51,0
AC.nii.gz_52,0
AC.nii.gz_53,0
AC.nii.gz_54,0
AC.nii.gz_55,0
AC.nii.gz_56,0
AC.nii.gz_57,0
AC.nii.gz_58,0
AC.nii.gz_59,0
AC.nii.gz_60,0
AC.nii.gz_61,0
AC.nii.gz_62,0
AC.nii.gz_63,0
AC.nii.gz_64,0
AC.nii.gz_65,0
AC.nii.gz_66,0
AC.nii.gz_67,0
AC.nii.gz_68,0
AC.nii.gz_69,0
AC.nii.gz_70,0
AC.nii.gz_71,1
AC.nii.gz_72,1
AC.nii.gz_73,1
AC.nii.gz_74,1
AC.nii.gz_75,1
AC.nii.gz_76,1
AC.nii.gz_77,1
AC.nii.gz_78,1
AC.nii.gz_79,0
AC.nii.gz_80,1
AC.nii.gz_81,1
AC.nii.gz_82,1
AC.nii.gz_83,1
AC.nii.gz_84,1
AC.nii.gz_85,1
AC.nii.gz_86,1
AC.nii.gz_87,1
AC.nii.gz_88,1
AC.nii.gz_89,1
AC.nii.gz_90,0
AC.nii.gz_91,0
AC.nii.gz_92,0
AC.nii.gz_93,1
AC.nii.gz_94,1
AC.nii.gz_95,1
AC.nii.gz_96,1
AC.nii.gz_97,1
AC.nii.gz_98,0
AC.nii.gz_99,1
AC.nii.gz_100,1
AC.nii.gz_101,1
AC.nii.gz_102,1
AC.nii.gz_103,0
AC.nii.gz_104,0
AC.nii.gz_105,0
AC.nii.gz_106,0
AC.nii.gz_107,0
AC.nii.gz_108,0
AC.nii.gz_109,0
AC.nii.gz_110,0
AC.nii.gz_111,0
AC.nii.gz_112,0
AD.nii.gz,1
AD.nii.gz_0,0
AD.nii.gz_1,0
AD.nii.gz_2,1
AD.nii.gz_3,1
AD.nii.gz_4,1
AD.nii.gz_5,1
AD.nii.gz_6,1
AD.nii.gz_7,1
AD.nii.gz_8,1
AD.nii.gz_9,1
AD.nii.gz_10,1
AD.nii.gz_11,1
AD.nii.gz_12,1
AD.nii.gz_13,1
AD.nii.gz_14,0
AD.nii.gz_15,1
AD.nii.gz_16,0
AD.nii.gz_17,1
AD.nii.gz_18,1
AD.nii.gz_19,1
AD.nii.gz_20,1
AD.nii.gz_21,1
AD.nii.gz_22,1
AD.nii.gz_23,1
AD.nii.gz_24,0
AD.nii.gz_25,1
AD.nii.gz_26,0
AD.nii.gz_27,0
AD.nii.gz_28,0
AD.nii.gz_29,0
AD.nii.gz_30,0
AD.nii.gz_31,1
AD.nii.gz_32,0
AD.nii.gz_33,0
AD.nii.gz_34,0
AD.nii.gz_35,0
AD.nii.gz_36,0
AD.nii.gz_37,0
AD.nii.gz_38,0
AD.nii.gz_39,0
AD.nii.gz_40,0
AD.nii.gz_41,0
AD.nii.gz_42,0
AD.nii.gz_43,1
AD.nii.gz_44,0
AD.nii.gz_45,0
AD.nii.gz_46,0
AD.nii.gz_47,1
AD.nii.gz_48,1
AD.nii.gz_49,1
AD.nii.gz_50,1
AD.nii.gz_51,1
AD.nii.gz_52,1
AD.nii.gz_53,1
AD.nii.gz_54,1
AD.nii.gz_55,0
AD.nii.gz_56,1
AD.nii.gz_57,1
AD.nii.gz_58,0
AD.nii.gz_59,0
AD.nii.gz_60,1
AD.nii.gz_61,1
AD.nii.gz_62,1
AD.nii.gz_63,1
AD.nii.gz_64,1
AD.nii.gz_65,1
AD.nii.gz_66,1
AD.nii.gz_67,1
AD.nii.gz_68,1
AD.nii.gz_69,1
AD.nii.gz_70,1
AD.nii.gz_71,1
AD.nii.gz_72,1
AD.nii.gz_73,1
AD.nii.gz_74,1
AD.nii.gz_75,1
AD.nii.gz_76,1
AD.nii.gz_77,1
AD.nii.gz_78,1
AD.nii.gz_79,1
AD.nii.gz_80,1
AD.nii.gz_81,1
AD.nii.gz_82,1
AD.nii.gz_83,1
AD.nii.gz_84,1
AD.nii.gz_85,1
AD.nii.gz_86,1
AD.nii.gz_87,1
AD.nii.gz_88,1
AD.nii.gz_89,1
AD.nii.gz_90,1
AD.nii.gz_91,1
AD.nii.gz_92,1
AD.nii.gz_93,1
AD.nii.gz_94,1
AD.nii.gz_95,1
AD.nii.gz_96,1
AD.nii.gz_97,1
AD.nii.gz_98,1
AD.nii.gz_99,1
AD.nii.gz_100,1
AD.nii.gz_101,1
AD.nii.gz_102,1
AD.nii.gz_103,0
AE.nii.gz,1
AE.nii.gz_0,0
AE.nii.gz_1,0
AE.nii.gz_2,0
AE.nii.gz_3,1
AE.nii.gz_4,1
AE.nii.gz_5,0
AE.nii.gz_6,0
AE.nii.gz_7,0
AE.nii.gz_8,0
AE.nii.gz_9,0
AE.nii.gz_10,0
AE.nii.gz_11,1
AE.nii.gz_12,1
AE.nii.gz_13,1
AE.nii.gz_14,1
AE.nii.gz_15,1
AE.nii.gz_16,1
AE.nii.gz_17,1
AE.nii.gz_18,1
AE.nii.gz_19,1
AE.nii.gz_20,1
AE.nii.gz_21,1
AE.nii.gz_22,1
AE.nii.gz_23,1
AE.nii.gz_24,0
AE.nii.gz_25,0
AE.nii.gz_26,0
AE.nii.gz_27,0
AE.nii.gz_28,1
AE.nii.gz_29,1
AE.nii.gz_30,1
AE.nii.gz_31,1
AE.nii.gz_32,1
AE.nii.gz_33,1
AE.nii.gz_34,1
AE.nii.gz_35,0
AE.nii.gz_36,0
AE.nii.gz_37,0
AE.nii.gz_38,0
AE.nii.gz_39,0
AE.nii.gz_40,1
AE.nii.gz_41,1
AE.nii.gz_42,1
AE.nii.gz_43,1
AE.nii.gz_44,1
AE.nii.gz_45,1
AE.nii.gz_46,1
AE.nii.gz_47,1
AE.nii.gz_48,1
AE.nii.gz_49,1
AE.nii.gz_50,1
AE.nii.gz_51,1
AE.nii.gz_52,1
AE.nii.gz_53,0
AE.nii.gz_54,0
AE.nii.gz_55,0
AE.nii.gz_56,0
AE.nii.gz_57,0
AE.nii.gz_58,0
AE.nii.gz_59,0
AE.nii.gz_60,0
AE.nii.gz_61,0
AE.nii.gz_62,0
AE.nii.gz_63,0
AE.nii.gz_64,0
AE.nii.gz_65,0
AE.nii.gz_66,0
AE.nii.gz_67,0
AE.nii.gz_68,1
AE.nii.gz_69,1
AE.nii.gz_70,1
AE.nii.gz_71,1
AE.nii.gz_72,1
AE.nii.gz_73,1
AE.nii.gz_74,1
AE.nii.gz_75,1
AE.nii.gz_76,1
AE.nii.gz_77,1
AE.nii.gz_78,1
AE.nii.gz_79,1
AE.nii.gz_80,0
AE.nii.gz_81,0
AE.nii.gz_82,0
AE.nii.gz_83,0
AE.nii.gz_84,0
AE.nii.gz_85,0
AE.nii.gz_86,0
AE.nii.gz_87,0
AE.nii.gz_88,0
AE.nii.gz_89,0
AF.nii.gz,1
AF.nii.gz_0,0
AF.nii.gz_1,0
AF.nii.gz_2,0
AF.nii.gz_3,0
AF.nii.gz_4,0
AF.nii.gz_5,0
AF.nii.gz_6,1
AF.nii.gz_7,1
AF.nii.gz_8,0
AF.nii.gz_9,0
AF.nii.gz_10,0
AF.nii.gz_11,0
AF.nii.gz_12,0
AF.nii.gz_13,0
AF.nii.gz_14,1
AF.nii.gz_15,1
AF.nii.gz_16,1
AF.nii.gz_17,1
AF.nii.gz_18,1
AF.nii.gz_19,1
AF.nii.gz_20,1
AF.nii.gz_21,1
AF.nii.gz_22,1
AF.nii.gz_23,1
AF.nii.gz_24,1
AF.nii.gz_25,1
AF.nii.gz_26,1
AF.nii.gz_27,1
AF.nii.gz_28,1
AF.nii.gz_29,1
AF.nii.gz_30,1
AF.nii.gz_31,1
AF.nii.gz_32,1
AF.nii.gz_33,1
AF.nii.gz_34,1
AF.nii.gz_35,1
AF.nii.gz_36,1
AF.nii.gz_37,1
AF.nii.gz_38,1
AF.nii.gz_39,1
AF.nii.gz_40,1
AF.nii.gz_41,0
AF.nii.gz_42,0
AF.nii.gz_43,0
AF.nii.gz_44,0
AF.nii.gz_45,1
AF.nii.gz_46,1
AF.nii.gz_47,0
AF.nii.gz_48,1
AF.nii.gz_49,1
AF.nii.gz_50,0
AF.nii.gz_51,0
AF.nii.gz_52,0
AF.nii.gz_53,0
AF.nii.gz_54,1
AF.nii.gz_55,0
AF.nii.gz_56,0
AF.nii.gz_57,0
AF.nii.gz_58,0
AF.nii.gz_59,0
AF.nii.gz_60,0
AF.nii.gz_61,0
AF.nii.gz_62,0
AF.nii.gz_63,0
AF.nii.gz_64,0
AF.nii.gz_65,1
AF.nii.gz_66,1
AF.nii.gz_67,1
AF.nii.gz_68,1
AF.nii.gz_69,1
AF.nii.gz_70,1
AF.nii.gz_71,1
AF.nii.gz_72,1
AF.nii.gz_73,0
AF.nii.gz_74,0
AF.nii.gz_75,0
AF.nii.gz_76,0
AF.nii.gz_77,0
AF.nii.gz_78,0
AF.nii.gz_79,0
AF.nii.gz_80,0
AF.nii.gz_81,0
AF.nii.gz_82,0
AF.nii.gz_83,0
AF.nii.gz_84,1
AF.nii.gz_85,1
AF.nii.gz_86,1
AF.nii.gz_87,0
AF.nii.gz_88,0
AF.nii.gz_89,1
AF.nii.gz_90,1
AF.nii.gz_91,0
AF.nii.gz_92,1
AF.nii.gz_93,1
AF.nii.gz_94,1
AF.nii.gz_95,1
AF.nii.gz_96,1
AF.nii.gz_97,0
AF.nii.gz_98,0
AG.nii.gz,1
AG.nii.gz_0,0
AG.nii.gz_1,0
AG.nii.gz_2,0
AG.nii.gz_3,0
AG.nii.gz_4,0
AG.nii.gz_5,1
AG.nii.gz_6,1
AG.nii.gz_7,1
AG.nii.gz_8,0
AG.nii.gz_9,0
AG.nii.gz_10,0
AG.nii.gz_11,1
AG.nii.gz_12,0
AG.nii.gz_13,1
AG.nii.gz_14,1
AG.nii.gz_15,0
AG.nii.gz_16,1
AG.nii.gz_17,1
AG.nii.gz_18,1
AG.nii.gz_19,1
AG.nii.gz_20,1
AG.nii.gz_21,1
AG.nii.gz_22,1
AG.nii.gz_23,1
AG.nii.gz_24,1
AG.nii.gz_25,1
AG.nii.gz_26,1
AG.nii.gz_27,1
AG.nii.gz_28,1
AG.nii.gz_29,1
AG.nii.gz_30,1
AG.nii.gz_31,1
AG.nii.gz_32,1
AG.nii.gz_33,1
AG.nii.gz_34,1
AG.nii.gz_35,1
AG.nii.gz_36,1
AG.nii.gz_37,1
AG.nii.gz_38,1
AG.nii.gz_39,0
AG.nii.gz_40,1
AG.nii.gz_41,1
AG.nii.gz_42,1
AG.nii.gz_43,1
AG.nii.gz_44,1
AG.nii.gz_45,0
AG.nii.gz_46,1
AG.nii.gz_47,1
AG.nii.gz_48,1
AG.nii.gz_49,1
AG.nii.gz_50,1
AG.nii.gz_51,1
AG.nii.gz_52,1
AG.nii.gz_53,1
AG.nii.gz_54,1
AG.nii.gz_55,1
AG.nii.gz_56,1
AG.nii.gz_57,1
AG.nii.gz_58,1
AG.nii.gz_59,1
AG.nii.gz_60,1
AG.nii.gz_61,1
AG.nii.gz_62,1
AG.nii.gz_63,1
AG.nii.gz_64,1
AG.nii.gz_65,1
AG.nii.gz_66,1
AG.nii.gz_67,1
AG.nii.gz_68,1
AG.nii.gz_69,1
AG.nii.gz_70,1
AG.nii.gz_71,0
AG.nii.gz_72,1
AG.nii.gz_73,1
AG.nii.gz_74,1
AG.nii.gz_75,0
AG.nii.gz_76,0
AG.nii.gz_77,1
AG.nii.gz_78,0
AG.nii.gz_79,1
AG.nii.gz_80,1
AG.nii.gz_81,0
AG.nii.gz_82,0
AG.nii.gz_83,0
AG.nii.gz_84,0
AG.nii.gz_85,0
AG.nii.gz_86,1
AG.nii.gz_87,1
AG.nii.gz_88,1
AG.nii.gz_89,1
AG.nii.gz_90,1
AG.nii.gz_91,1
AG.nii.gz_92,1
AG.nii.gz_93,1
AG.nii.gz_94,0
AG.nii.gz_95,0
AG.nii.gz_96,0
AG.nii.gz_97,0
AG.nii.gz_98,0
AG.nii.gz_99,0
AG.nii.gz_100,0
AG.nii.gz_101,0
AG.nii.gz_102,0
AH.nii.gz,1
AH.nii.gz_0,0
AH.nii.gz_1,0
AH.nii.gz_2,0
AH.nii.gz_3,0
AH.nii.gz_4,1
AH.nii.gz_5,1
AH.nii.gz_6,0
AH.nii.gz_7,0
AH.nii.gz_8,1
AH.nii.gz_9,1
AH.nii.gz_10,1
AH.nii.gz_11,1
AH.nii.gz_12,1
AH.nii.gz_13,1
AH.nii.gz_14,1
AH.nii.gz_15,1
AH.nii.gz_16,1
AH.nii.gz_17,1
AH.nii.gz_18,1
AH.nii.gz_19,1
AH.nii.gz_20,1
AH.nii.gz_21,1
AH.nii.gz_22,1
AH.nii.gz_23,1
AH.nii.gz_24,1
AH.nii.gz_25,1
AH.nii.gz_26,1
AH.nii.gz_27,1
AH.nii.gz_28,1
AH.nii.gz_29,1
AH.nii.gz_30,0
AH.nii.gz_31,0
AH.nii.gz_32,0
AH.nii.gz_33,1
AH.nii.gz_34,1
AH.nii.gz_35,0
AH.nii.gz_36,0
AH.nii.gz_37,1
AH.nii.gz_38,1
AH.nii.gz_39,1
AH.nii.gz_40,1
AH.nii.gz_41,0
AH.nii.gz_42,0
AH.nii.gz_43,1
AH.nii.gz_44,1
AH.nii.gz_45,1
AH.nii.gz_46,0
AH.nii.gz_47,0
AH.nii.gz_48,0
AH.nii.gz_49,0
AH.nii.gz_50,0
AH.nii.gz_51,0
AH.nii.gz_52,0
AH.nii.gz_53,0
AH.nii.gz_54,0
AH.nii.gz_55,0
AH.nii.gz_56,0
AH.nii.gz_57,0
AH.nii.gz_58,1
AH.nii.gz_59,1
AH.nii.gz_60,1
AH.nii.gz_61,1
AH.nii.gz_62,0
AH.nii.gz_63,0
AH.nii.gz_64,1
AH.nii.gz_65,1
AH.nii.gz_66,1
AH.nii.gz_67,1
AH.nii.gz_68,1
AH.nii.gz_69,1
AH.nii.gz_70,1
AH.nii.gz_71,1
AH.nii.gz_72,1
AH.nii.gz_73,1
AH.nii.gz_74,1
AH.nii.gz_75,1
AH.nii.gz_76,1
AH.nii.gz_77,1
AH.nii.gz_78,1
AH.nii.gz_79,1
AH.nii.gz_80,1
AH.nii.gz_81,1
AH.nii.gz_82,1
AH.nii.gz_83,1
AH.nii.gz_84,1
AH.nii.gz_85,1
AH.nii.gz_86,1
AH.nii.gz_87,1
AH.nii.gz_88,1
AH.nii.gz_89,0
AH.nii.gz_90,0
AH.nii.gz_91,0
AH.nii.gz_92,0
AI.nii.gz,1
AI.nii.gz_0,0
AI.nii.gz_1,0
AI.nii.gz_2,0
AI.nii.gz_3,1
AI.nii.gz_4,1
AI.nii.gz_5,0
AI.nii.gz_6,0
AI.nii.gz_7,0
AI.nii.gz_8,0
AI.nii.gz_9,0
AI.nii.gz_10,0
AI.nii.gz_11,0
AI.nii.gz_12,0
AI.nii.gz_13,0
AI.nii.gz_14,0
AI.nii.gz_15,1
AI.nii.gz_16,1
AI.nii.gz_17,1
AI.nii.gz_18,1
AI.nii.gz_19,1
AI.nii.gz_20,1
AI.nii.gz_21,1
AI.nii.gz_22,1
AI.nii.gz_23,1
AI.nii.gz_24,1
AI.nii.gz_25,1
AI.nii.gz_26,1
AI.nii.gz_27,1
AI.nii.gz_28,1
AI.nii.gz_29,1
AI.nii.gz_30,1
AI.nii.gz_31,1
AI.nii.gz_32,1
AI.nii.gz_33,0
AI.nii.gz_34,1
AI.nii.gz_35,1
AI.nii.gz_36,1
AI.nii.gz_37,1
AI.nii.gz_38,1
AI.nii.gz_39,1
AI.nii.gz_40,1
AI.nii.gz_41,1
AI.nii.gz_42,1
AI.nii.gz_43,1
AI.nii.gz_44,1
AI.nii.gz_45,1
AI.nii.gz_46,1
AI.nii.gz_47,0
AI.nii.gz_48,0
AI.nii.gz_49,0
AI.nii.gz_50,0
AI.nii.gz_51,0
AI.nii.gz_52,1
AI.nii.gz_53,1
AI.nii.gz_54,1
AI.nii.gz_55,0
AI.nii.gz_56,0
AI.nii.gz_57,0
AI.nii.gz_58,0
AI.nii.gz_59,0
AI.nii.gz_60,0
AI.nii.gz_61,0
AI.nii.gz_62,0
AI.nii.gz_63,0
AI.nii.gz_64,0
AI.nii.gz_65,1
AI.nii.gz_66,1
AI.nii.gz_67,1
AI.nii.gz_68,1
AI.nii.gz_69,1
AI.nii.gz_70,1
AI.nii.gz_71,0
AI.nii.gz_72,0
AI.nii.gz_73,0
AI.nii.gz_74,0
AI.nii.gz_75,0
AI.nii.gz_76,0
AI.nii.gz_77,1
AI.nii.gz_78,1
AI.nii.gz_79,1
AI.nii.gz_80,1
AI.nii.gz_81,1
AI.nii.gz_82,1
AI.nii.gz_83,1
AI.nii.gz_84,1
AI.nii.gz_85,1
AI.nii.gz_86,1
AI.nii.gz_87,1
AI.nii.gz_88,1
AI.nii.gz_89,1
AI.nii.gz_90,1
AI.nii.gz_91,1
AI.nii.gz_92,1
AI.nii.gz_93,1
AI.nii.gz_94,1
AI.nii.gz_95,1
AI.nii.gz_96,1
AI.nii.gz_97,1
AI.nii.gz_98,1
AI.nii.gz_99,1
AI.nii.gz_100,0
AJ.nii.gz,1
AJ.nii.gz_0,0
AJ.nii.gz_1,0
AJ.nii.gz_2,1
AJ.nii.gz_3,1
AJ.nii.gz_4,1
AJ.nii.gz_5,1
AJ.nii.gz_6,1
AJ.nii.gz_7,1
AJ.nii.gz_8,1
AJ.nii.gz_9,1
AJ.nii.gz_10,1
AJ.nii.gz_11,1
AJ.nii.gz_12,1
AJ.nii.gz_13,1
AJ.nii.gz_14,1
AJ.nii.gz_15,1
AJ.nii.gz_16,1
AJ.nii.gz_17,1
AJ.nii.gz_18,0
AJ.nii.gz_19,0
AJ.nii.gz_20,0
AJ.nii.gz_21,0
AJ.nii.gz_22,0
AJ.nii.gz_23,0
AJ.nii.gz_24,1
AJ.nii.gz_25,0
AJ.nii.gz_26,0
AJ.nii.gz_27,0
AJ.nii.gz_28,0
AJ.nii.gz_29,0
AJ.nii.gz_30,0
AJ.nii.gz_31,0
AJ.nii.gz_32,0
AJ.nii.gz_33,0
AJ.nii.gz_34,0
AJ.nii.gz_35,1
AJ.nii.gz_36,1
AJ.nii.gz_37,0
AJ.nii.gz_38,1
AJ.nii.gz_39,1
AJ.nii.gz_40,1
AJ.nii.gz_41,0
AJ.nii.gz_42,0
AJ.nii.gz_43,1
AJ.nii.gz_44,1
AJ.nii.gz_45,1
AJ.nii.gz_46,1
AJ.nii.gz_47,1
AJ.nii.gz_48,1
AJ.nii.gz_49,1
AJ.nii.gz_50,1
AJ.nii.gz_51,1
AJ.nii.gz_52,1
AJ.nii.gz_53,1
AJ.nii.gz_54,1
AJ.nii.gz_55,1
AJ.nii.gz_56,1
AJ.nii.gz_57,1
AJ.nii.gz_58,1
AJ.nii.gz_59,1
AJ.nii.gz_60,1
AJ.nii.gz_61,1
AJ.nii.gz_62,1
AJ.nii.gz_63,1
AJ.nii.gz_64,1
AJ.nii.gz_65,1
AJ.nii.gz_66,1
AJ.nii.gz_67,1
AJ.nii.gz_68,1
AJ.nii.gz_69,1
AJ.nii.gz_70,1
AJ.nii.gz_71,1
AJ.nii.gz_72,1
AJ.nii.gz_73,1
AJ.nii.gz_74,1
AJ.nii.gz_75,1
AJ.nii.gz_76,1
AJ.nii.gz_77,1
AJ.nii.gz_78,1
AJ.nii.gz_79,1
AJ.nii.gz_80,1
AJ.nii.gz_81,1
AJ.nii.gz_82,1
AJ.nii.gz_83,1
AJ.nii.gz_84,1
AJ.nii.gz_85,0
AJ.nii.gz_86,0
AJ.nii.gz_87,1
AJ.nii.gz_88,0
AJ.nii.gz_89,0
AJ.nii.gz_90,0
AJ.nii.gz_91,0
AJ.nii.gz_92,0
AJ.nii.gz_93,0
AJ.nii.gz_94,0
AJ.nii.gz_95,0
AJ.nii.gz_96,0
AJ.nii.gz_97,0
AK.nii.gz,1
AK.nii.gz_0,0
AK.nii.gz_1,0
AK.nii.gz_2,0
AK.nii.gz_3,0
AK.nii.gz_4,0
AK.nii.gz_5,1
AK.nii.gz_6,1
AK.nii.gz_7,1
AK.nii.gz_8,1
AK.nii.gz_9,1
AK.nii.gz_10,1
AK.nii.gz_11,1
AK.nii.gz_12,1
AK.nii.gz_13,1
AK.nii.gz_14,1
AK.nii.gz_15,1
AK.nii.gz_16,1
AK.nii.gz_17,1
AK.nii.gz_18,1
AK.nii.gz_19,1
AK.nii.gz_20,1
AK.nii.gz_21,1
AK.nii.gz_22,1
AK.nii.gz_23,1
AK.nii.gz_24,1
AK.nii.gz_25,1
AK.nii.gz_26,1
AK.nii.gz_27,1
AK.nii.gz_28,0
AK.nii.gz_29,0
AK.nii.gz_30,1
AK.nii.gz_31,0
AK.nii.gz_32,0
AK.nii.gz_33,0
AK.nii.gz_34,0
AK.nii.gz_35,0
AK.nii.gz_36,0
AK.nii.gz_37,0
AK.nii.gz_38,0
AK.nii.gz_39,0
AK.nii.gz_40,0
AK.nii.gz_41,0
AK.nii.gz_42,0
AK.nii.gz_43,0
AK.nii.gz_44,1
AK.nii.gz_45,1
AK.nii.gz_46,1
AK.nii.gz_47,0
AK.nii.gz_48,0
AK.nii.gz_49,0
AK.nii.gz_50,1
AK.nii.gz_51,1
AK.nii.gz_52,1
AK.nii.gz_53,0
AK.nii.gz_54,0
AK.nii.gz_55,1
AK.nii.gz_56,0
AK.nii.gz_57,0
AK.nii.gz_58,0
AK.nii.gz_59,0
AK.nii.gz_60,0
AK.nii.gz_61,0
AK.nii.gz_62,0
AK.nii.gz_63,0
AK.nii.gz_64,0
AK.nii.gz_65,0
AK.nii.gz_66,0
AK.nii.gz_67,0
AK.nii.gz_68,0
AK.nii.gz_69,0
AK.nii.gz_70,0
AK.nii.gz_71,0
AK.nii.gz_72,0
AK.nii.gz_73,0
AK.nii.gz_74,0
AK.nii.gz_75,1
AK.nii.gz_76,1
AK.nii.gz_77,1
AK.nii.gz_78,1
AK.nii.gz_79,1
AK.nii.gz_80,1
AK.nii.gz_81,1
AK.nii.gz_82,0
AK.nii.gz_83,0
AK.nii.gz_84,0
AK.nii.gz_85,0
AK.nii.gz_86,0
AK.nii.gz_87,0
AK.nii.gz_88,0
AK.nii.gz_89,0
AK.nii.gz_90,0
AK.nii.gz_91,0
AK.nii.gz_92,0
AK.nii.gz_93,1
AK.nii.gz_94,1
AK.nii.gz_95,1
AK.nii.gz_96,1
AK.nii.gz_97,1
AK.nii.gz_98,1
AK.nii.gz_99,1
AK.nii.gz_100,1
AK.nii.gz_101,1
AK.nii.gz_102,1
AK.nii.gz_103,1
AK.nii.gz_104,1
AK.nii.gz_105,0
AK.nii.gz_106,0
AK.nii.gz_107,0
AK.nii.gz_108,0
AK.nii.gz_109,0
AK.nii.gz_110,0
AL.nii.gz,1
AL.nii.gz_0,0
AL.nii.gz_1,0
AL.nii.gz_2,0
AL.nii.gz_3,0
AL.nii.gz_4,1
AL.nii.gz_5,1
AL.nii.gz_6,1
AL.nii.gz_7,1
AL.nii.gz_8,0
AL.nii.gz_9,0
AL.nii.gz_10,0
AL.nii.gz_11,0
AL.nii.gz_12,0
AL.nii.gz_13,0
AL.nii.gz_14,0
AL.nii.gz_15,1
AL.nii.gz_16,1
AL.nii.gz_17,1
AL.nii.gz_18,1
AL.nii.gz_19,1
AL.nii.gz_20,1
AL.nii.gz_21,1
AL.nii.gz_22,1
AL.nii.gz_23,1
AL.nii.gz_24,1
AL.nii.gz_25,1
AL.nii.gz_26,1
AL.nii.gz_27,1
AL.nii.gz_28,1
AL.nii.gz_29,1
AL.nii.gz_30,1
AL.nii.gz_31,0
AL.nii.gz_32,0
AL.nii.gz_33,0
AL.nii.gz_34,1
AL.nii.gz_35,0
AL.nii.gz_36,1
AL.nii.gz_37,0
AL.nii.gz_38,1
AL.nii.gz_39,1
AL.nii.gz_40,1
AL.nii.gz_41,1
AL.nii.gz_42,1
AL.nii.gz_43,0
AL.nii.gz_44,1
AL.nii.gz_45,1
AL.nii.gz_46,1
AL.nii.gz_47,1
AL.nii.gz_48,1
AL.nii.gz_49,1
AL.nii.gz_50,1
AL.nii.gz_51,1
AL.nii.gz_52,1
AL.nii.gz_53,1
AL.nii.gz_54,1
AL.nii.gz_55,1
AL.nii.gz_56,1
AL.nii.gz_57,1
AL.nii.gz_58,1
AL.nii.gz_59,0
AL.nii.gz_60,0
AL.nii.gz_61,0
AL.nii.gz_62,1
AL.nii.gz_63,1
AL.nii.gz_64,1
AL.nii.gz_65,1
AL.nii.gz_66,1
AL.nii.gz_67,1
AL.nii.gz_68,1
AL.nii.gz_69,1
AL.nii.gz_70,0
AL.nii.gz_71,0
AL.nii.gz_72,0
AL.nii.gz_73,0
AL.nii.gz_74,0
AL.nii.gz_75,0
AL.nii.gz_76,0
AL.nii.gz_77,0
AL.nii.gz_78,0
AL.nii.gz_79,0
AL.nii.gz_80,0
AL.nii.gz_81,0
AL.nii.gz_82,0
AL.nii.gz_83,0
AL.nii.gz_84,0
AL.nii.gz_85,0
AL.nii.gz_86,0
AL.nii.gz_87,0
AL.nii.gz_88,0
AL.nii.gz_89,0
AL.nii.gz_90,0
AL.nii.gz_91,0
AL.nii.gz_92,0
AL.nii.gz_93,0
AL.nii.gz_94,0
AM.nii.gz,1
AM.nii.gz_0,0
AM.nii.gz_1,0
AM.nii.gz_2,0
AM.nii.gz_3,0
AM.nii.gz_4,0
AM.nii.gz_5,0
AM.nii.gz_6,0
AM.nii.gz_7,0
AM.nii.gz_8,0
AM.nii.gz_9,1
AM.nii.gz_10,1
AM.nii.gz_11,0
AM.nii.gz_12,0
AM.nii.gz_13,0
AM.nii.gz_14,0
AM.nii.gz_15,0
AM.nii.gz_16,1
AM.nii.gz_17,1
AM.nii.gz_18,0
AM.nii.gz_19,1
AM.nii.gz_20,1
AM.nii.gz_21,1
AM.nii.gz_22,0
AM.nii.gz_23,0
AM.nii.gz_24,1
AM.nii.gz_25,1
AM.nii.gz_26,1
AM.nii.gz_27,1
AM.nii.gz_28,1
AM.nii.gz_29,1
AM.nii.gz_30,1
AM.nii.gz_31,1
AM.nii.gz_32,1
AM.nii.gz_33,1
AM.nii.gz_34,1
AM.nii.gz_35,1
AM.nii.gz_36,1
AM.nii.gz_37,1
AM.nii.gz_38,1
AM.nii.gz_39,1
AM.nii.gz_40,1
AM.nii.gz_41,1
AM.nii.gz_42,1
AM.nii.gz_43,1
AM.nii.gz_44,1
AM.nii.gz_45,1
AM.nii.gz_46,1
AM.nii.gz_47,1
AM.nii.gz_48,1
AM.nii.gz_49,1
AM.nii.gz_50,1
AM.nii.gz_51,0
AM.nii.gz_52,0
AM.nii.gz_53,0
AM.nii.gz_54,0
AM.nii.gz_55,0
AM.nii.gz_56,1
AM.nii.gz_57,1
AM.nii.gz_58,0
AM.nii.gz_59,0
AM.nii.gz_60,0
AM.nii.gz_61,0
AM.nii.gz_62,0
AM.nii.gz_63,0
AM.nii.gz_64,0
AM.nii.gz_65,0
AM.nii.gz_66,0
AM.nii.gz_67,0
AM.nii.gz_68,0
AM.nii.gz_69,0
AM.nii.gz_70,0
AM.nii.gz_71,0
AM.nii.gz_72,0
AM.nii.gz_73,0
AM.nii.gz_74,0
AM.nii.gz_75,0
AM.nii.gz_76,0
AM.nii.gz_77,0
AM.nii.gz_78,0
AM.nii.gz_79,0
AM.nii.gz_80,0
AM.nii.gz_81,0
AM.nii.gz_82,0
AM.nii.gz_83,0
AM.nii.gz_84,0
AN.nii.gz,1
AN.nii.gz_0,0
AN.nii.gz_1,0
AN.nii.gz_2,0
AN.nii.gz_3,0
AN.nii.gz_4,0
AN.nii.gz_5,0
AN.nii.gz_6,0
AN.nii.gz_7,0
AN.nii.gz_8,0
AN.nii.gz_9,0
AN.nii.gz_10,0
AN.nii.gz_11,0
AN.nii.gz_12,1
AN.nii.gz_13,1
AN.nii.gz_14,1
AN.nii.gz_15,1
AN.nii.gz_16,1
AN.nii.gz_17,1
AN.nii.gz_18,1
AN.nii.gz_19,1
AN.nii.gz_20,1
AN.nii.gz_21,1
AN.nii.gz_22,1
AN.nii.gz_23,1
AN.nii.gz_24,1
AN.nii.gz_25,1
AN.nii.gz_26,1
AN.nii.gz_27,0
AN.nii.gz_28,0
AN.nii.gz_29,0
AN.nii.gz_30,0
AN.nii.gz_31,0
AN.nii.gz_32,0
AN.nii.gz_33,0
AN.nii.gz_34,0
AN.nii.gz_35,1
AN.nii.gz_36,1
AN.nii.gz_37,1
AN.nii.gz_38,1
AN.nii.gz_39,1
AN.nii.gz_40,1
AN.nii.gz_41,1
AN.nii.gz_42,1
AN.nii.gz_43,1
AN.nii.gz_44,1
AN.nii.gz_45,1
AN.nii.gz_46,1
AN.nii.gz_47,1
AN.nii.gz_48,1
AN.nii.gz_49,1
AN.nii.gz_50,0
AN.nii.gz_51,1
AN.nii.gz_52,1
AN.nii.gz_53,1
AN.nii.gz_54,1
AN.nii.gz_55,1
AN.nii.gz_56,1
AN.nii.gz_57,1
AN.nii.gz_58,1
AN.nii.gz_59,1
AN.nii.gz_60,1
AN.nii.gz_61,1
AN.nii.gz_62,1
AN.nii.gz_63,1
AN.nii.gz_64,1
AN.nii.gz_65,1
AN.nii.gz_66,1
AN.nii.gz_67,1
AN.nii.gz_68,1
AN.nii.gz_69,1
AN.nii.gz_70,0
AN.nii.gz_71,0
AN.nii.gz_72,0
AN.nii.gz_73,0
AN.nii.gz_74,0
AN.nii.gz_75,0
AN.nii.gz_76,0
AN.nii.gz_77,0
AN.nii.gz_78,0
AN.nii.gz_79,0
AN.nii.gz_80,0
AN.nii.gz_81,0
AN.nii.gz_82,0
AN.nii.gz_83,0
AN.nii.gz_84,0
AN.nii.gz_85,0
AN.nii.gz_86,0
AN.nii.gz_87,0
AN.nii.gz_88,0
AN.nii.gz_89,0
AN.nii.gz_90,0
AN.nii.gz_91,0
AO.nii.gz,1
AO.nii.gz_0,0
AO.nii.gz_1,0
AO.nii.gz_2,0
AO.nii.gz_3,0
AO.nii.gz_4,0
AO.nii.gz_5,0
AO.nii.gz_6,0
AO.nii.gz_7,0
AO.nii.gz_8,0
AO.nii.gz_9,0
AO.nii.gz_10,0
AO.nii.gz_11,0
AO.nii.gz_12,0
AO.nii.gz_13,0
AO.nii.gz_14,1
AO.nii.gz_15,1
AO.nii.gz_16,1
AO.nii.gz_17,1
AO.nii.gz_18,1
AO.nii.gz_19,1
AO.nii.gz_20,1
AO.nii.gz_21,1
AO.nii.gz_22,1
AO.nii.gz_23,1
AO.nii.gz_24,1
AO.nii.gz_25,1
AO.nii.gz_26,1
AO.nii.gz_27,1
AO.nii.gz_28,1
AO.nii.gz_29,1
AO.nii.gz_30,1
AO.nii.gz_31,1
AO.nii.gz_32,1
AO.nii.gz_33,1
AO.nii.gz_34,1
AO.nii.gz_35,1
AO.nii.gz_36,1
AO.nii.gz_37,1
AO.nii.gz_38,1
AO.nii.gz_39,1
AO.nii.gz_40,1
AO.nii.gz_41,1
AO.nii.gz_42,1
AO.nii.gz_43,1
AO.nii.gz_44,1
AO.nii.gz_45,1
AO.nii.gz_46,1
AO.nii.gz_47,1
AO.nii.gz_48,1
AO.nii.gz_49,1
AO.nii.gz_50,1
AO.nii.gz_51,1
AO.nii.gz_52,1
AO.nii.gz_53,1
AO.nii.gz_54,1
AO.nii.gz_55,1
AO.nii.gz_56,1
AO.nii.gz_57,1
AO.nii.gz_58,1
AO.nii.gz_59,1
AO.nii.gz_60,1
AO.nii.gz_61,1
AO.nii.gz_62,1
AO.nii.gz_63,0
AO.nii.gz_64,1
AO.nii.gz_65,1
AO.nii.gz_66,0
AO.nii.gz_67,1
AO.nii.gz_68,1
AO.nii.gz_69,1
AO.nii.gz_70,1
AO.nii.gz_71,1
AO.nii.gz_72,1
AO.nii.gz_73,1
AO.nii.gz_74,0
AO.nii.gz_75,0
AO.nii.gz_76,0
AO.nii.gz_77,0
AO.nii.gz_78,0
AO.nii.gz_79,0
AO.nii.gz_80,0
AO.nii.gz_81,0
AO.nii.gz_82,0
AO.nii.gz_83,0
AO.nii.gz_84,0
AO.nii.gz_85,0
AO.nii.gz_86,0
AO.nii.gz_87,0
AP.nii.gz,1
AP.nii.gz_0,0
AP.nii.gz_1,0
AP.nii.gz_2,0
AP.nii.gz_3,0
AP.nii.gz_4,0
AP.nii.gz_5,0
AP.nii.gz_6,1
AP.nii.gz_7,0
AP.nii.gz_8,0
AP.nii.gz_9,1
AP.nii.gz_10,1
AP.nii.gz_11,1
AP.nii.gz_12,1
AP.nii.gz_13,1
AP.nii.gz_14,1
AP.nii.gz_15,1
AP.nii.gz_16,1
AP.nii.gz_17,1
AP.nii.gz_18,1
AP.nii.gz_19,1
AP.nii.gz_20,1
AP.nii.gz_21,1
AP.nii.gz_22,1
AP.nii.gz_23,1
AP.nii.gz_24,1
AP.nii.gz_25,0
AP.nii.gz_26,0
AP.nii.gz_27,0
AP.nii.gz_28,1
AP.nii.gz_29,1
AP.nii.gz_30,1
AP.nii.gz_31,1
AP.nii.gz_32,1
AP.nii.gz_33,1
AP.nii.gz_34,1
AP.nii.gz_35,1
AP.nii.gz_36,1
AP.nii.gz_37,0
AP.nii.gz_38,0
AP.nii.gz_39,1
AP.nii.gz_40,1
AP.nii.gz_41,1
AP.nii.gz_42,0
AP.nii.gz_43,0
AP.nii.gz_44,0
AP.nii.gz_45,0
AP.nii.gz_46,0
AP.nii.gz_47,0
AP.nii.gz_48,0
AP.nii.gz_49,0
AP.nii.gz_50,0
AP.nii.gz_51,0
AP.nii.gz_52,1
AP.nii.gz_53,0
AP.nii.gz_54,0
AP.nii.gz_55,1
AP.nii.gz_56,1
AP.nii.gz_57,0
AP.nii.gz_58,1
AP.nii.gz_59,1
AP.nii.gz_60,1
AP.nii.gz_61,1
AP.nii.gz_62,0
AP.nii.gz_63,0
AP.nii.gz_64,0
AP.nii.gz_65,0
AP.nii.gz_66,0
AP.nii.gz_67,1
AP.nii.gz_68,1
AP.nii.gz_69,1
AP.nii.gz_70,1
AP.nii.gz_71,1
AP.nii.gz_72,1
AP.nii.gz_73,0
AP.nii.gz_74,0
AP.nii.gz_75,0
AP.nii.gz_76,0
AP.nii.gz_77,0
AP.nii.gz_78,0
AP.nii.gz_79,1
AP.nii.gz_80,1
AP.nii.gz_81,1
AP.nii.gz_82,1
AP.nii.gz_83,1
AP.nii.gz_84,0
AP.nii.gz_85,1
AP.nii.gz_86,0
AP.nii.gz_87,1
AP.nii.gz_88,1
AP.nii.gz_89,1
AP.nii.gz_90,1
AP.nii.gz_91,1
AP.nii.gz_92,1
AP.nii.gz_93,1
AP.nii.gz_94,1
AP.nii.gz_95,1
AP.nii.gz_96,1
AP.nii.gz_97,0
AQ.nii.gz,1
AQ.nii.gz_0,0
AQ.nii.gz_1,0
AQ.nii.gz_2,0
AQ.nii.gz_3,1
AQ.nii.gz_4,1
AQ.nii.gz_5,1
AQ.nii.gz_6,1
AQ.nii.gz_7,1
AQ.nii.gz_8,1
AQ.nii.gz_9,1
AQ.nii.gz_10,1
AQ.nii.gz_11,1
AQ.nii.gz_12,1
AQ.nii.gz_13,1
AQ.nii.gz_14,1
AQ.nii.gz_15,1
AQ.nii.gz_16,1
AQ.nii.gz_17,1
AQ.nii.gz_18,1
AQ.nii.gz_19,1
AQ.nii.gz_20,1
AQ.nii.gz_21,1
AQ.nii.gz_22,1
AQ.nii.gz_23,1
AQ.nii.gz_24,1
AQ.nii.gz_25,0
AQ.nii.gz_26,0
AQ.nii.gz_27,0
AQ.nii.gz_28,0
AQ.nii.gz_29,0
AQ.nii.gz_30,0
AQ.nii.gz_31,0
AQ.nii.gz_32,0
AQ.nii.gz_33,0
AQ.nii.gz_34,0
AQ.nii.gz_35,0
AQ.nii.gz_36,0
AQ.nii.gz_37,0
AQ.nii.gz_38,0
AQ.nii.gz_39,0
AQ.nii.gz_40,0
AQ.nii.gz_41,1
AQ.nii.gz_42,0
AQ.nii.gz_43,1
AQ.nii.gz_44,0
AQ.nii.gz_45,0
AQ.nii.gz_46,0
AQ.nii.gz_47,0
AQ.nii.gz_48,0
AQ.nii.gz_49,0
AQ.nii.gz_50,0
AQ.nii.gz_51,1
AQ.nii.gz_52,1
AQ.nii.gz_53,1
AQ.nii.gz_54,1
AQ.nii.gz_55,1
AQ.nii.gz_56,1
AQ.nii.gz_57,1
AQ.nii.gz_58,1
AQ.nii.gz_59,1
AQ.nii.gz_60,1
AQ.nii.gz_61,1
AQ.nii.gz_62,1
AQ.nii.gz_63,1
AQ.nii.gz_64,1
AQ.nii.gz_65,1
AQ.nii.gz_66,1
AQ.nii.gz_67,1
AQ.nii.gz_68,1
AQ.nii.gz_69,1
AQ.nii.gz_70,1
AQ.nii.gz_71,1
AQ.nii.gz_72,1
AQ.nii.gz_73,1
AQ.nii.gz_74,1
AQ.nii.gz_75,1
AQ.nii.gz_76,1
AQ.nii.gz_77,0
AQ.nii.gz_78,1
AQ.nii.gz_79,1
AQ.nii.gz_80,1
AQ.nii.gz_81,0
AQ.nii.gz_82,0
AQ.nii.gz_83,0
AQ.nii.gz_84,0
AQ.nii.gz_85,0
AQ.nii.gz_86,0
AQ.nii.gz_87,0
AQ.nii.gz_88,0
AQ.nii.gz_89,0
AQ.nii.gz_90,0
AQ.nii.gz_91,0
AQ.nii.gz_92,0
AQ.nii.gz_93,0
AQ.nii.gz_94,0
AR.nii.gz,1
AR.nii.gz_0,0
AR.nii.gz_1,0
AR.nii.gz_2,0
AR.nii.gz_3,1
AR.nii.gz_4,1
AR.nii.gz_5,1
AR.nii.gz_6,1
AR.nii.gz_7,1
AR.nii.gz_8,1
AR.nii.gz_9,1
AR.nii.gz_10,1
AR.nii.gz_11,1
AR.nii.gz_12,1
AR.nii.gz_13,0
AR.nii.gz_14,1
AR.nii.gz_15,1
AR.nii.gz_16,1
AR.nii.gz_17,1
AR.nii.gz_18,0
AR.nii.gz_19,1
AR.nii.gz_20,1
AR.nii.gz_21,1
AR.nii.gz_22,1
AR.nii.gz_23,1
AR.nii.gz_24,1
AR.nii.gz_25,1
AR.nii.gz_26,1
AR.nii.gz_27,1
AR.nii.gz_28,1
AR.nii.gz_29,1
AR.nii.gz_30,1
AR.nii.gz_31,0
AR.nii.gz_32,0
AR.nii.gz_33,1
AR.nii.gz_34,1
AR.nii.gz_35,0
AR.nii.gz_36,0
AR.nii.gz_37,0
AR.nii.gz_38,0
AR.nii.gz_39,0
AR.nii.gz_40,0
AR.nii.gz_41,0
AR.nii.gz_42,0
AR.nii.gz_43,0
AR.nii.gz_44,0
AR.nii.gz_45,0
AR.nii.gz_46,0
AR.nii.gz_47,0
AR.nii.gz_48,1
AR.nii.gz_49,1
AR.nii.gz_50,1
AR.nii.gz_51,0
AR.nii.gz_52,0
AR.nii.gz_53,0
AR.nii.gz_54,0
AR.nii.gz_55,0
AR.nii.gz_56,0
AR.nii.gz_57,0
AR.nii.gz_58,0
AR.nii.gz_59,0
AR.nii.gz_60,0
AR.nii.gz_61,0
AR.nii.gz_62,0
AR.nii.gz_63,0
AR.nii.gz_64,0
AR.nii.gz_65,0
AR.nii.gz_66,1
AR.nii.gz_67,1
AR.nii.gz_68,1
AR.nii.gz_69,1
AR.nii.gz_70,1
AR.nii.gz_71,1
AR.nii.gz_72,0
AR.nii.gz_73,1
AR.nii.gz_74,1
AR.nii.gz_75,1
AR.nii.gz_76,1
AR.nii.gz_77,1
AR.nii.gz_78,1
AR.nii.gz_79,1
AR.nii.gz_80,1
AR.nii.gz_81,1
AR.nii.gz_82,1
AR.nii.gz_83,1
AR.nii.gz_84,1
AR.nii.gz_85,1
AR.nii.gz_86,1
AR.nii.gz_87,1
AR.nii.gz_88,1
AR.nii.gz_89,1
AR.nii.gz_90,1
AR.nii.gz_91,1
AR.nii.gz_92,1
AR.nii.gz_93,1
AR.nii.gz_94,1
AR.nii.gz_95,0
AS.nii.gz,1
AS.nii.gz_0,0
AS.nii.gz_1,0
AS.nii.gz_2,1
AS.nii.gz_3,1
AS.nii.gz_4,0
AS.nii.gz_5,0
AS.nii.gz_6,0
AS.nii.gz_7,0
AS.nii.gz_8,1
AS.nii.gz_9,0
AS.nii.gz_10,0
AS.nii.gz_11,0
AS.nii.gz_12,1
AS.nii.gz_13,1
AS.nii.gz_14,1
AS.nii.gz_15,1
AS.nii.gz_16,1
AS.nii.gz_17,1
AS.nii.gz_18,1
AS.nii.gz_19,0
AS.nii.gz_20,1
AS.nii.gz_21,1
AS.nii.gz_22,1
AS.nii.gz_23,1
AS.nii.gz_24,1
AS.nii.gz_25,1
AS.nii.gz_26,0
AS.nii.gz_27,1
AS.nii.gz_28,1
AS.nii.gz_29,1
AS.nii.gz_30,0
AS.nii.gz_31,0
AS.nii.gz_32,0
AS.nii.gz_33,0
AS.nii.gz_34,0
AS.nii.gz_35,1
AS.nii.gz_36,1
AS.nii.gz_37,1
AS.nii.gz_38,0
AS.nii.gz_39,1
AS.nii.gz_40,1
AS.nii.gz_41,0
AS.nii.gz_42,0
AS.nii.gz_43,0
AS.nii.gz_44,0
AS.nii.gz_45,0
AS.nii.gz_46,1
AS.nii.gz_47,1
AS.nii.gz_48,0
AS.nii.gz_49,0
AS.nii.gz_50,0
AS.nii.gz_51,1
AS.nii.gz_52,1
AS.nii.gz_53,1
AS.nii.gz_54,1
AS.nii.gz_55,0
AS.nii.gz_56,0
AS.nii.gz_57,1
AS.nii.gz_58,1
AS.nii.gz_59,0
AS.nii.gz_60,1
AS.nii.gz_61,1
AS.nii.gz_62,0
AS.nii.gz_63,0
AS.nii.gz_64,1
AS.nii.gz_65,1
AS.nii.gz_66,0
AS.nii.gz_67,0
AS.nii.gz_68,0
AS.nii.gz_69,0
AS.nii.gz_70,0
AS.nii.gz_71,0
AS.nii.gz_72,0
AS.nii.gz_73,0
AS.nii.gz_74,0
AS.nii.gz_75,0
AS.nii.gz_76,0
AS.nii.gz_77,0
AS.nii.gz_78,0
AS.nii.gz_79,0
AS.nii.gz_80,0
AS.nii.gz_81,0
AS.nii.gz_82,0
AS.nii.gz_83,0
AS.nii.gz_84,0
AS.nii.gz_85,0
AS.nii.gz_86,0
AS.nii.gz_87,0
AT.nii.gz,1
AT.nii.gz_0,0
AT.nii.gz_1,0
AT.nii.gz_2,0
AT.nii.gz_3,0
AT.nii.gz_4,0
AT.nii.gz_5,0
AT.nii.gz_6,0
AT.nii.gz_7,1
AT.nii.gz_8,1
AT.nii.gz_9,1
AT.nii.gz_10,1
AT.nii.gz_11,1
AT.nii.gz_12,1
AT.nii.gz_13,1
AT.nii.gz_14,1
AT.nii.gz_15,1
AT.nii.gz_16,1
AT.nii.gz_17,1
AT.nii.gz_18,0
AT.nii.gz_19,0
AT.nii.gz_20,1
AT.nii.gz_21,1
AT.nii.gz_22,0
AT.nii.gz_23,0
AT.nii.gz_24,0
AT.nii.gz_25,0
AT.nii.gz_26,0
AT.nii.gz_27,0
AT.nii.gz_28,0
AT.nii.gz_29,0
AT.nii.gz_30,0
AT.nii.gz_31,0
AT.nii.gz_32,0
AT.nii.gz_33,0
AT.nii.gz_34,0
AT.nii.gz_35,0
AT.nii.gz_36,0
AT.nii.gz_37,1
AT.nii.gz_38,1
AT.nii.gz_39,1
AT.nii.gz_40,0
AT.nii.gz_41,0
AT.nii.gz_42,1
AT.nii.gz_43,1
AT.nii.gz_44,1
AT.nii.gz_45,1
AT.nii.gz_46,1
AT.nii.gz_47,1
AT.nii.gz_48,1
AT.nii.gz_49,1
AT.nii.gz_50,1
AT.nii.gz_51,1
AT.nii.gz_52,1
AT.nii.gz_53,1
AT.nii.gz_54,1
AT.nii.gz_55,1
AT.nii.gz_56,1
AT.nii.gz_57,1
AT.nii.gz_58,1
AT.nii.gz_59,1
AT.nii.gz_60,1
AT.nii.gz_61,1
AT.nii.gz_62,1
AT.nii.gz_63,1
AT.nii.gz_64,1
AT.nii.gz_65,1
AT.nii.gz_66,1
AT.nii.gz_67,1
AT.nii.gz_68,1
AT.nii.gz_69,1
AT.nii.gz_70,1
AT.nii.gz_71,0
AT.nii.gz_72,0
AT.nii.gz_73,0
AT.nii.gz_74,0
AT.nii.gz_75,0
AT.nii.gz_76,0
AT.nii.gz_77,0
AT.nii.gz_78,0
AT.nii.gz_79,0
AT.nii.gz_80,0
AT.nii.gz_81,0
AT.nii.gz_82,0
AT.nii.gz_83,0
AT.nii.gz_84,0
AT.nii.gz_85,0
AT.nii.gz_86,0
AT.nii.gz_87,0
AT.nii.gz_88,0
AT.nii.gz_89,0
AT.nii.gz_90,0
AT.nii.gz_91,0
